CN;date;montant;ip;ip_range;is_valid
30001034549321;2022-02-01;13595;6.200.204.63;6.0.0.0/8;True
30001172788376;2022-08-05;737621;57.243.217.145;57.243.0.0/16;True
30002828702084;2023-03-30;485215;167.145.190.150;167.144.0.0/15;True
30004645285418;2022-12-21;372932;220.189.30.226;220.160.0.0/11;True
30007472126126;2023-02-12;723236;86.42.178.63;86.42.0.0/16;True
30008732477424;2022-04-03;723339;70.23.64.29;70.16.0.0/13;True
30010486411740;2022-01-30;582194;108.84.105.33;108.80.0.0/13;True
30011395620314;2023-03-23;94011;208.112.46.161;208.112.0.0/16;True
30013659958513;2022-10-30;520541;153.166.137.43;153.160.0.0/11;True
30013769354686;2022-03-04;363972;83.85.55.160;83.84.0.0/15;False
30013796563671;2022-07-25;829045;119.89.95.78;119.88.0.0/14;True
30014320060853;2022-09-02;162012;14.81.90.21;14.64.0.0/11;True
30016658355003;2022-08-21;210699;156.193.206.230;156.192.0.0/11;True
30016854094380;2022-10-13;339433;212.250.24.61;212.250.0.0/16;True
30029338895470;2022-01-08;555399;114.168.160.32;114.160.0.0/11;True
30029569157913;2022-04-21;799751;77.79.251.139;77.79.192.0/18;True
30031441693701;2022-11-05;133993;104.125.38.113;104.125.32.0/19;False
30033554365705;2022-11-07;854629;204.82.153.129;204.82.0.0/15;True
30035458780764;2022-05-11;566294;51.236.100.150;51.236.0.0/15;True
30038097875904;2022-02-06;686863;53.5.41.3;53.0.0.0/10;True
30041423011764;2023-03-03;1175;44.66.24.43;44.64.0.0/11;True
30042332080973;2022-07-30;182498;97.32.231.70;97.0.0.0/10;True
30044064621925;2022-02-26;941436;41.180.211.20;41.180.208.0/21;True
30044705649749;2022-06-22;873766;143.161.111.109;143.161.0.0/16;True
30045218412798;2022-04-27;580108;114.125.0.131;114.120.0.0/13;True
30049798954914;2022-08-31;899043;117.144.205.21;117.128.0.0/10;True
30054398239393;2022-09-05;258065;89.107.216.235;89.107.208.0/20;True
30056769694627;2022-01-29;317098;192.58.224.59;192.58.224.0/23;True
30057502992526;2023-02-16;75612;139.129.117.169;139.129.0.0/16;True
30059441627510;2022-03-04;563518;183.202.134.16;183.192.0.0/10;True
30063253106944;2022-04-04;594147;134.171.205.156;134.171.0.0/16;True
30064983189432;2022-10-28;938406;117.39.111.229;117.32.0.0/13;True
30068477512967;2022-05-05;525085;91.33.202.101;91.32.0.0/12;True
30069860027464;2022-08-13;34826;172.94.156.4;172.94.144.0/20;True
30072008302849;2022-10-23;583791;84.202.61.118;84.202.0.0/16;True
30072201907741;2022-05-29;890094;165.104.226.137;165.104.0.0/14;True
30075094136575;2022-09-22;283513;158.181.137.188;158.181.128.0/17;True
30075785138609;2022-11-22;93985;188.252.169.215;188.252.128.0/17;True
30076293732420;2022-06-26;73669;213.237.79.82;213.237.0.0/17;True
30076917612610;2022-03-02;346684;96.95.65.39;96.80.0.0/12;True
30079974163428;2022-09-03;890322;130.55.139.14;130.55.0.0/16;True
30084250953088;2022-02-25;3267;218.105.236.209;218.104.0.0/14;True
30085239555704;2022-03-13;64004;46.51.84.85;46.51.64.0/19;False
30086509710235;2022-04-10;800554;65.101.121.116;65.101.0.0/16;True
30094361123505;2022-01-02;258096;79.21.150.181;79.0.0.0/10;True
30096782667499;2022-11-05;241836;8.249.62.133;8.248.0.0/13;True
30098600315475;2022-07-07;529125;200.45.157.34;200.45.0.0/16;True
36025125874045;2022-03-22;630782;196.234.216.97;196.232.0.0/14;True
36042783838782;2023-02-10;629885;115.247.98.36;115.240.0.0/12;False
36045942426001;2022-01-06;839627;116.72.238.240;116.72.0.0/14;True
36050356656010;2022-02-23;43568;34.224.188.1;34.224.0.0/12;True
36050944860744;2022-05-07;76824;114.116.218.105;114.116.0.0/15;True
36056387750888;2022-09-17;480892;75.233.212.81;75.233.0.0/16;False
36071045538591;2022-01-08;153949;168.102.72.185;168.102.0.0/15;True
36100284293921;2022-08-27;778942;50.62.62.124;50.62.0.0/15;True
36140470862618;2023-01-11;343781;119.11.211.20;119.11.128.0/17;True
36180197932369;2022-08-24;70362;62.8.22.29;62.8.0.0/19;True
36199081548875;2022-11-02;961841;87.19.190.140;87.16.0.0/12;False
36228013422154;2022-07-22;85674;49.219.186.119;49.216.0.0/14;True
36263377894086;2022-09-11;270332;148.55.7.3;148.55.0.0/16;True
36295889903427;2022-02-05;234237;25.64.234.231;25.64.0.0/12;True
36331058016327;2023-01-18;443927;164.71.28.90;164.70.0.0/15;True
36332456751341;2022-06-25;304841;128.16.234.3;128.16.0.0/16;True
36351143331655;2022-05-14;907144;146.250.19.97;146.250.0.0/16;True
36359437892480;2022-07-22;433347;209.170.201.241;209.170.128.0/17;False
36380861143810;2022-05-30;42366;88.70.32.155;88.64.0.0/12;True
36396941491052;2022-10-22;42617;138.163.236.74;138.160.0.0/12;True
36406587828812;2023-03-27;28421;219.64.45.108;219.64.0.0/15;True
36431620041850;2023-01-18;270003;121.93.199.183;121.92.0.0/14;True
36433594623945;2022-04-15;991317;188.25.50.225;188.24.0.0/15;False
36443584192652;2022-02-04;583019;154.209.83.176;154.209.64.0/18;True
36458197865270;2022-08-10;682017;174.234.239.221;174.224.0.0/11;True
36461842843668;2022-01-27;63126;31.68.34.111;31.64.0.0/10;True
36470305892799;2022-06-21;755952;78.114.111.15;78.112.0.0/12;True
36471367953883;2023-03-20;537736;117.222.181.147;117.222.0.0/15;True
36535254642336;2023-01-06;94378;98.247.103.201;98.240.0.0/13;False
36539432994569;2023-02-05;578875;90.169.119.204;90.160.0.0/12;True
36543303738808;2022-11-15;100095;154.13.5.47;154.13.4.0/22;True
36556737869627;2022-04-02;531273;215.73.146.50;214.0.0.0/7;True
36698918434100;2023-01-14;841148;112.2.106.141;112.0.0.0/12;True
36708533697377;2022-10-17;402509;84.71.246.160;84.70.0.0/15;True
36713970461717;2022-06-17;860834;28.119.115.185;28.0.0.0/7;True
36719116033062;2022-11-09;798634;90.195.58.174;90.192.0.0/11;True
36790374754046;2022-01-17;190269;89.26.194.177;89.26.192.0/18;True
36799641876797;2022-07-23;288681;1.234.103.229;1.224.0.0/11;True
36802867809151;2022-12-20;231193;92.87.71.177;92.87.64.0/18;True
36847921437846;2022-05-27;200185;38.148.167.131;38.148.160.0/19;True
36849543619819;2022-05-20;588379;31.75.19.46;31.64.0.0/10;True
36863125530443;2022-05-24;64459;31.232.32.129;31.224.0.0/11;True
36874255143659;2022-09-26;717087;64.10.104.210;64.10.0.0/15;True
36917991711667;2022-05-27;90149;146.176.76.79;146.176.0.0/15;True
36965838954016;2022-12-09;526197;145.253.135.41;145.253.0.0/16;False
36999440513795;2022-02-21;650465;149.88.10.114;149.88.0.0/15;True
201400392099031;2022-11-26;225932;76.86.4.18;76.86.0.0/17;True
201402298909115;2022-02-11;899164;143.116.93.113;143.116.88.0/21;True
201404237008165;2022-03-01;122287;88.147.211.69;88.147.128.0/17;False
201405170929200;2022-09-23;280111;11.133.121.168;11.128.0.0/9;True
201405817215039;2022-08-27;389078;21.171.104.38;21.128.0.0/9;True
201407500021278;2023-01-24;643612;85.35.225.23;85.34.0.0/15;True
201408163101753;2022-02-19;482539;52.134.92.98;52.132.0.0/14;True
201410545554477;2022-02-09;273669;16.44.24.240;16.32.0.0/12;True
201410917037507;2022-02-11;532214;60.162.150.33;60.160.0.0/11;True
201413533880367;2022-07-14;926773;216.43.79.66;216.42.0.0/15;True
201414270706203;2022-02-21;467474;81.114.82.133;81.114.64.0/19;True
201414577544679;2022-12-03;405733;61.217.102.27;61.216.0.0/13;True
201416270768984;2022-04-20;667012;46.85.250.208;46.80.0.0/12;True
201417521845092;2022-06-17;752129;132.26.246.146;132.0.0.0/10;True
201417552355516;2022-07-26;815961;35.166.205.152;35.160.0.0/12;True
201422013332682;2022-01-11;182439;47.68.100.134;47.64.0.0/13;False
201422559205573;2022-11-12;100093;6.218.52.204;6.0.0.0/8;True
201423711805250;2022-09-24;586367;198.77.92.8;198.76.0.0/14;False
201424865249840;2022-07-28;760663;139.3.158.226;139.2.0.0/15;True
201431267683765;2022-04-13;389881;6.143.195.220;6.0.0.0/8;True
201431320922325;2022-06-04;422245;102.214.166.66;102.214.164.0/22;True
201432462818552;2022-02-21;647786;112.216.142.215;112.216.0.0/13;True
201434043543519;2023-02-02;607899;40.135.194.20;40.128.0.0/11;True
201434061707442;2023-01-02;958852;82.35.192.122;82.32.0.0/13;False
201434199551068;2022-08-04;119696;95.108.131.18;95.108.128.0/17;True
201438263480203;2022-08-06;422004;120.121.235.63;120.96.0.0/11;True
201442328554275;2023-02-17;610281;42.161.9.65;42.160.0.0/12;True
201443499873809;2022-07-21;55043;67.16.46.103;67.16.0.0/18;True
201445614937765;2022-10-16;170383;49.173.24.32;49.160.0.0/12;True
201449403559673;2022-02-16;402995;125.32.56.53;125.32.0.0/15;True
201450212850410;2022-11-17;368313;87.200.106.60;87.200.64.0/18;True
201451927445470;2022-07-01;512622;25.134.187.90;25.128.0.0/9;True
201455786809825;2022-12-23;938384;97.81.203.167;97.80.0.0/12;True
201458388213503;2022-07-29;834588;199.53.98.61;199.53.0.0/16;True
201464220844828;2022-02-01;850744;133.38.70.141;133.36.0.0/14;True
201468897962763;2022-11-03;882896;132.83.81.126;132.80.0.0/12;True
201472145248249;2022-03-31;17252;75.253.4.141;75.240.0.0/12;True
201477004289622;2022-10-27;795519;110.37.121.161;110.36.0.0/14;True
201477889792757;2022-05-18;8683;159.138.71.250;159.138.64.0/21;True
201483050746192;2022-08-13;175;118.167.7.189;118.164.0.0/14;True
201484932274643;2022-08-11;59937;22.43.90.195;22.32.0.0/12;True
201486605188448;2022-03-12;814497;69.22.150.16;69.22.0.0/15;False
201488024776449;2022-11-27;813683;202.179.228.152;202.179.224.0/20;True
201489856981644;2022-07-13;15622;19.11.10.239;19.8.0.0/14;True
201489867762520;2022-05-08;380665;199.48.90.91;199.48.80.0/20;True
201493623753435;2023-03-08;463611;47.134.126.136;47.132.0.0/14;False
201495972321219;2022-07-09;6633;148.136.168.43;148.136.0.0/16;True
201497393172684;2022-04-15;970981;179.25.84.72;179.24.0.0/13;False
201499634372404;2022-07-22;201478;29.61.119.203;28.0.0.0/7;True
201499639062968;2022-11-11;502201;171.118.33.44;171.112.0.0/12;True
340022147226222;2023-01-24;479243;119.226.1.40;119.226.0.0/15;True
340043660160036;2023-02-10;725977;42.74.39.11;42.64.0.0/12;True
340070303584520;2022-08-23;919312;25.184.134.215;25.128.0.0/9;True
340305003394717;2022-01-08;371918;219.186.155.143;219.160.0.0/11;True
340344519141056;2022-04-05;29628;159.231.241.234;159.231.0.0/16;False
340369760898658;2023-01-09;40901;153.152.247.100;153.144.0.0/12;True
340552948572077;2023-01-27;900001;193.150.69.82;193.150.69.0/24;True
340873409976767;2022-12-25;722545;153.141.52.53;153.140.0.0/15;False
341206001022822;2023-01-28;84437;88.17.160.116;88.0.0.0/11;True
341350087429236;2022-04-05;373827;93.43.153.53;93.32.0.0/11;True
341577727198496;2022-06-22;116508;63.94.12.152;63.94.0.0/15;True
341679818410945;2022-06-25;76561;142.192.128.220;142.192.0.0/16;True
342704576347144;2022-09-11;171625;63.22.170.4;63.0.0.0/11;True
342812756141474;2022-12-16;82291;3.163.178.40;3.128.0.0/10;True
343747147458485;2022-08-14;247973;76.44.191.121;76.32.0.0/11;True
344274621876404;2022-02-06;56402;41.48.7.204;41.48.0.0/13;False
344459317938051;2023-02-20;710847;34.36.247.191;34.36.0.0/15;True
344542885036810;2022-09-19;563628;151.10.203.223;151.8.0.0/13;True
344558125316580;2022-11-15;219387;174.6.11.225;174.0.0.0/13;False
344564875223745;2023-03-26;918667;98.116.173.253;98.112.0.0/13;True
344735428287946;2022-02-27;406976;142.211.101.29;142.208.0.0/14;True
344795322304106;2023-02-16;530428;56.121.68.134;56.120.0.0/15;True
344801597262829;2023-03-01;802221;13.59.195.43;13.56.0.0/13;True
345187498533040;2023-01-13;336824;181.96.54.18;181.96.0.0/12;True
345774572787806;2022-01-30;71943;134.64.84.38;134.64.0.0/16;True
345993606163376;2022-07-27;468561;202.169.214.211;202.169.192.0/19;True
346199948819811;2022-10-16;32298;34.186.25.169;34.184.0.0/13;True
346304451965650;2022-02-13;770392;17.158.11.84;17.144.0.0/12;True
346465147975732;2022-12-18;51776;42.204.228.116;42.204.0.0/14;False
346470723229082;2022-10-20;344827;170.135.120.49;170.134.0.0/15;True
346932848318934;2022-04-18;296351;73.52.216.231;73.32.0.0/11;True
347115980905127;2022-10-25;942531;182.12.147.95;182.0.0.0/12;True
347499704782941;2022-11-26;49129;48.209.61.107;48.0.0.0/8;True
347764352485232;2022-03-23;766985;12.239.32.68;12.224.0.0/12;True
348305706664327;2022-04-08;47821;195.125.64.112;195.124.0.0/15;True
348631850372692;2022-03-05;121003;48.2.159.218;48.0.0.0/8;False
348742727611764;2022-01-27;2417;79.158.50.157;79.152.0.0/13;True
348830800511140;2022-05-25;11798;103.162.78.238;103.162.76.0/22;True
348932967806675;2022-02-05;70347;79.160.69.207;79.160.0.0/15;True
349186492748394;2022-03-09;134691;172.235.227.149;172.234.0.0/15;True
349340842263436;2022-01-29;578802;104.223.124.17;104.223.96.0/19;True
349632231554965;2023-02-27;874107;195.208.204.10;195.208.192.0/18;True
349908342622440;2022-10-27;370076;219.110.145.76;219.96.0.0/11;True
3528063747910820;2022-09-01;894433;66.35.185.89;66.35.128.0/17;True
3528073224420280;2022-07-22;885669;26.206.84.101;26.0.0.0/8;True
3528087563504810;2023-03-18;537767;121.233.218.5;121.224.0.0/12;False
3528090882959930;2022-08-01;380027;18.137.99.154;18.137.0.0/16;False
3528105573479440;2022-06-15;612514;53.101.126.161;53.96.0.0/12;False
3528193266991260;2022-09-22;767612;52.169.64.209;52.169.0.0/16;True
3528194847444680;2022-11-02;92803;204.8.241.232;204.8.240.0/20;True
3528206013481680;2023-01-21;955148;27.61.57.99;27.56.0.0/13;True
3528218893005230;2022-10-13;170625;40.83.196.65;40.83.128.0/17;True
3528236944228950;2022-06-30;886066;2.249.210.86;2.249.128.0/17;True
3528244630293520;2023-01-08;326709;128.121.94.221;128.120.0.0/14;True
3528245746172730;2022-08-20;601333;124.250.186.199;124.250.0.0/15;True
3528246962439890;2022-02-26;299152;218.138.143.223;218.128.0.0/12;True
3528259487063310;2023-03-08;301912;133.98.244.240;133.64.0.0/10;True
3528291406710500;2022-04-23;59562;82.166.144.43;82.166.0.0/16;True
3528294987227180;2022-03-25;216716;32.151.195.203;32.128.0.0/9;True
3528319838569190;2023-03-19;734203;155.210.155.150;155.210.0.0/16;True
3528344207626700;2022-11-19;546172;212.254.80.175;212.254.0.0/16;True
3528359941113500;2022-10-16;302541;113.58.36.228;113.58.0.0/16;True
3528362029422770;2022-03-12;651797;12.21.160.185;12.20.0.0/14;True
3528424040733960;2022-12-23;150627;125.117.62.153;125.112.0.0/12;True
3528446385573340;2022-12-19;757535;184.251.172.233;184.224.0.0/11;True
3528457646887460;2022-07-05;291896;193.183.238.197;193.183.224.0/19;True
3528472440247540;2022-08-21;60308;178.172.163.218;178.172.128.0/18;True
3528490166173200;2022-01-26;522873;152.228.100.54;152.228.0.0/17;True
3528502375686670;2022-01-05;37319;16.50.41.222;16.50.0.0/15;True
3528512978700190;2022-03-14;171646;135.124.232.80;135.124.0.0/16;True
3528551725907640;2022-09-06;315526;172.144.252.159;172.144.0.0/15;True
3528562138685780;2022-12-31;124657;107.128.166.215;107.128.128.0/17;True
3528577607580030;2022-08-26;252306;89.164.109.180;89.164.64.0/18;True
3528594242500710;2022-10-28;526041;131.79.215.73;131.76.0.0/14;True
3528609399828490;2023-01-30;813246;186.129.132.197;186.128.0.0/12;True
3528612656201190;2022-01-03;406627;28.52.101.181;28.0.0.0/7;True
3528632447762560;2023-03-22;1837;123.30.236.54;123.16.0.0/12;True
3528674245667640;2022-01-05;866512;96.196.72.214;96.128.0.0/9;True
3528714148801880;2023-03-08;910587;45.41.218.15;45.41.216.0/21;True
3528723076471240;2022-03-27;73182;106.205.18.215;106.192.0.0/11;True
3528761237998660;2022-08-16;931648;21.222.224.93;21.128.0.0/9;True
3528774114171360;2022-09-19;790354;64.226.55.239;64.226.55.0/24;True
3528810167475610;2022-09-03;291181;37.126.252.78;37.126.0.0/16;True
3528861548490560;2022-05-12;312294;99.123.39.49;99.96.0.0/11;False
3528900642517950;2023-01-31;121433;121.134.245.61;121.128.0.0/10;True
3528904449316350;2022-06-28;796995;85.161.177.77;85.160.0.0/14;True
3528918298687210;2022-12-11;940733;36.244.64.161;36.240.0.0/13;False
3528921101074600;2023-03-03;3795;34.133.229.76;34.132.0.0/14;False
3528947798318400;2023-03-21;883425;80.235.227.218;80.235.128.0/17;True
3528983491274180;2023-01-01;559812;144.252.4.240;144.252.0.0/15;True
3528992991183510;2022-03-29;603157;51.161.233.26;51.161.224.0/19;True
4018030268610620;2022-11-17;106523;173.205.3.254;173.205.0.0/18;True
4026007549722900;2022-06-07;600353;76.76.180.12;76.76.180.0/22;True
4026040192735870;2022-02-27;5763;79.188.231.193;79.188.0.0/14;False
4026086563506910;2022-03-05;299167;198.75.195.178;198.75.0.0/16;True
4026103114097540;2022-01-07;833186;18.19.244.77;18.0.0.0/11;True
4026147697190830;2022-10-24;647212;52.169.64.209;52.169.0.0/16;True
4026196481494790;2022-07-28;361134;215.199.161.106;214.0.0.0/7;True
4026197915700950;2022-09-11;346574;18.98.185.23;18.96.0.0/14;True
4026207858100850;2022-09-08;295701;52.139.88.249;52.139.0.0/17;True
4026218318623140;2022-03-07;844436;95.72.24.20;95.72.0.0/15;True
4026232655404840;2022-09-15;46041;67.106.163.133;67.104.0.0/13;False
4026233078879470;2023-03-10;621463;131.234.140.25;131.234.0.0/16;True
4026238415019840;2022-12-13;286199;28.141.44.87;28.0.0.0/7;True
4026264158672840;2022-07-24;973791;134.218.129.202;134.218.0.0/16;True
4026267599775170;2022-05-30;62519;69.230.214.38;69.230.192.0/18;True
4026289547136000;2022-09-23;203583;158.224.91.26;158.224.0.0/16;True
4026294080603570;2023-03-13;35908;47.177.235.152;47.176.0.0/14;True
4026336263180120;2022-04-11;62852;180.157.29.57;180.152.0.0/13;False
4026364582841950;2022-07-29;776102;73.203.15.226;73.192.0.0/12;True
4026368478981730;2022-10-13;234832;162.187.147.48;162.160.0.0/11;True
4026374476879320;2022-03-30;244234;1.39.115.114;1.38.0.0/15;True
4026412926839760;2022-02-20;692454;132.118.195.143;132.96.0.0/11;True
4026416875045870;2022-04-14;545583;61.92.254.196;61.92.0.0/15;True
4026422066928980;2022-02-08;851183;211.4.11.224;211.0.0.0/12;True
4026438612127630;2022-01-23;360949;190.48.177.78;190.48.0.0/14;True
4026452032602880;2022-01-23;138137;191.145.59.228;191.144.0.0/12;True
4026464048309890;2022-02-06;637266;152.224.194.100;152.224.0.0/15;True
4026469523748070;2022-06-19;954657;20.228.119.202;20.228.0.0/16;True
4026477292300300;2022-06-10;705834;2.233.77.119;2.224.0.0/12;True
4026479006223490;2022-10-24;285684;14.160.25.93;14.160.0.0/11;True
4026479928714330;2022-04-14;530053;51.113.78.167;51.113.0.0/16;True
4026487270541780;2022-03-27;154065;69.49.238.93;69.49.128.0/17;True
4026489780099300;2022-08-22;156251;136.255.47.115;136.255.0.0/16;True
4026517210066940;2022-01-11;642346;89.26.58.235;89.26.0.0/17;True
4026633511759470;2022-11-28;519637;166.109.223.109;166.109.0.0/16;True
4026645893785180;2022-06-24;418377;134.108.40.135;134.108.0.0/15;True
4026655427749030;2022-10-23;534128;76.230.27.108;76.224.0.0/12;True
4026677182878400;2022-01-17;759848;95.196.106.162;95.192.0.0/13;True
4026702473133600;2022-06-11;461436;140.19.50.109;140.16.0.0/12;True
4026709991400320;2022-08-15;853377;169.243.139.226;169.240.0.0/13;True
4026724388882500;2022-05-08;337077;83.199.2.134;83.199.0.0/16;True
4026735847623630;2022-07-27;923825;165.117.36.161;165.116.0.0/15;True
4026779408268750;2022-06-09;313613;104.88.37.68;104.88.32.0/19;True
4026798090720930;2022-06-26;538404;201.109.155.183;201.96.0.0/12;True
4026802610071430;2022-05-02;9945;14.140.221.58;14.140.128.0/17;True
4026808697013440;2022-03-08;871535;3.113.161.172;3.112.0.0/14;True
4026809223623580;2022-04-11;20916;126.158.170.223;126.158.0.0/15;True
4026814893746760;2022-08-30;573492;79.38.234.191;79.0.0.0/10;True
4026815929973070;2023-02-26;378219;68.127.152.216;68.112.0.0/12;False
4026829601021750;2022-06-27;55701;139.235.202.100;139.232.0.0/13;True
4026848245393970;2022-05-17;938057;11.241.200.135;11.128.0.0/9;True
4026870185714080;2023-01-08;89231;73.100.3.153;73.96.0.0/12;True
4026911361630620;2022-10-24;5867;68.87.169.105;68.80.0.0/12;True
4026946590191370;2023-01-10;130427;119.60.19.145;119.60.0.0/15;True
4026954254229780;2022-08-31;408439;107.255.89.21;107.192.0.0/10;True
4072806699723830;2022-07-05;39836;215.182.49.23;214.0.0.0/7;True
4075589215184690;2023-03-28;843757;209.235.159.242;209.235.128.0/19;True
4094246789179240;2022-05-02;324993;54.43.202.172;54.40.0.0/13;True
4118479540157080;2023-03-16;45444;50.227.237.91;50.226.0.0/15;True
4130786484889000;2022-11-25;469278;69.22.205.235;69.22.0.0/15;True
4170042654556370;2023-01-15;560473;191.135.103.126;191.128.0.0/12;True
4187424532608970;2022-04-08;664172;161.229.255.100;161.229.0.0/16;True
4195092223684250;2023-03-27;817459;163.10.91.68;163.10.0.0/16;True
4210957757889930;2022-12-19;618509;96.63.35.83;96.63.0.0/18;True
4214175099039660;2022-04-20;732772;194.125.87.218;194.125.0.0/17;True
4234697438710160;2022-03-07;620222;167.249.112.20;167.249.112.0/22;True
4238930093733770;2023-03-09;610593;129.168.22.205;129.168.0.0/16;True
4245575703425630;2022-06-07;37844;178.134.7.180;178.134.0.0/16;True
4249282940086170;2023-02-13;692307;103.242.32.189;103.242.32.0/22;True
4308786892165580;2022-12-07;805781;153.196.233.34;153.192.0.0/12;True
4343362641149560;2022-10-21;199551;3.131.42.21;3.128.0.0/10;True
4366043850836680;2022-09-11;780451;204.33.74.79;204.32.0.0/13;True
4379803054020240;2023-01-31;61553;9.151.194.92;9.128.0.0/9;False
4451699562531690;2022-01-27;980071;138.229.22.203;138.229.16.0/20;True
4464663937745680;2023-02-24;63321;40.66.189.21;40.66.128.0/17;True
4486331704884810;2023-02-24;5934;30.21.180.135;30.0.0.0/8;True
4495428306907710;2022-05-01;278182;19.12.165.122;19.12.128.0/17;True
4574544891524910;2022-09-03;479052;97.48.20.80;97.0.0.0/10;True
4601430359673530;2022-03-09;243211;12.23.0.197;12.20.0.0/14;True
4626437431959330;2023-02-08;305043;60.141.135.104;60.128.0.0/11;True
4674254054200830;2022-07-15;295673;77.130.148.176;77.128.0.0/13;True
4696302894546850;2022-04-16;423216;53.162.124.3;53.128.0.0/9;True
4699339853430680;2022-08-27;748275;210.198.215.52;210.196.0.0/14;True
4701319227586490;2022-03-21;250161;128.237.142.220;128.236.0.0/14;True
4710879498164270;2023-03-07;139205;113.62.243.84;113.62.0.0/15;True
4737278072694400;2022-03-05;613893;139.11.195.111;139.10.0.0/15;True
4760205016578000;2022-09-28;103398;151.54.116.31;151.48.0.0/12;True
4761136537425580;2023-01-06;130373;206.10.51.4;206.8.0.0/14;True
4808051291108970;2022-09-17;437541;49.250.143.228;49.250.0.0/15;False
4846498403634870;2022-08-10;631414;198.166.211.240;198.166.0.0/16;True
4862072317412840;2022-12-07;303424;72.114.242.21;72.64.0.0/10;True
4890804468964010;2023-02-28;947757;156.229.9.114;156.229.8.0/21;True
4903011492150340;2022-10-30;683254;57.120.112.242;57.112.0.0/12;True
4903069230341810;2022-07-03;730478;66.225.142.232;66.225.128.0/18;True
4903072793768860;2022-05-11;476049;131.79.215.73;131.76.0.0/14;True
4903082971753120;2023-03-27;998257;213.40.250.11;213.40.0.0/16;True
4903088362105330;2022-06-03;621367;117.21.197.180;117.21.0.0/16;True
4903117997730660;2023-03-15;415441;164.101.84.176;164.101.0.0/16;True
4903132821013550;2023-02-24;273374;17.217.106.244;17.192.0.0/11;True
4903138016504080;2022-05-13;53441;47.6.171.129;47.0.0.0/13;True
4903154856214200;2022-02-14;159061;136.205.118.120;136.204.0.0/15;True
4903157219379520;2022-05-29;633315;120.38.200.123;120.32.0.0/12;True
4903164502340670;2022-09-12;77616;98.82.176.221;98.80.0.0/12;True
4903169104505820;2022-01-29;816392;22.228.89.142;22.128.0.0/9;True
4903173460181050;2022-08-13;345833;102.152.179.176;102.152.0.0/13;True
4903180215844420;2022-05-06;931045;197.163.122.89;197.160.0.0/13;True
4903232803863160;2022-09-14;781389;123.71.120.137;123.64.0.0/11;True
4903242489809270;2022-06-22;32754;17.182.64.135;17.176.0.0/13;True
4903247880294910;2022-06-10;579898;103.161.147.229;103.161.146.0/23;True
4903254550129700;2022-07-13;641826;52.169.64.209;52.169.0.0/16;True
4903281904675080;2022-11-25;121608;106.228.157.244;106.224.0.0/12;False
4903298725697030;2023-01-06;593842;86.137.177.36;86.136.0.0/13;True
4903312349830970;2022-10-24;508279;188.74.154.134;188.74.154.0/23;True
4903322211148410;2022-04-07;771429;50.192.191.136;50.192.0.0/14;True
4903323742241160;2022-06-01;967293;205.60.211.199;205.0.0.0/9;True
4903334356763830;2022-07-31;102852;149.28.50.106;149.28.48.0/21;True
4903361322122030;2022-11-27;219607;179.52.1.62;179.52.0.0/15;True
4903363015638820;2022-01-11;437371;81.81.194.172;81.81.0.0/16;True
4903367803476640;2022-03-31;957244;9.5.66.71;9.0.0.0/13;True
4903369486105830;2022-06-24;25413;119.221.105.33;119.192.0.0/11;True
4903389186324490;2022-09-03;473025;138.2.85.209;138.2.64.0/19;True
4903398212381170;2023-03-05;89015;165.125.3.58;165.125.0.0/17;False
4903455795697840;2023-02-04;347191;141.4.37.179;141.4.0.0/15;True
4903470537221110;2022-01-10;588609;24.84.222.160;24.80.0.0/13;True
4903473456115160;2022-03-07;131804;84.147.108.135;84.128.0.0/10;False
4903481451291410;2022-05-18;307268;213.60.76.85;213.60.0.0/16;True
4903493351773470;2022-06-16;320981;191.80.136.88;191.80.0.0/14;True
4903502771942720;2022-05-14;10338;199.162.100.221;199.160.0.0/14;True
4903538522431290;2022-03-18;585671;73.147.147.67;73.144.0.0/12;True
4903568728023590;2022-11-22;50723;31.171.54.197;31.171.0.0/17;True
4903581952733990;2022-10-22;72292;109.137.10.77;109.136.0.0/13;True
4903590496142750;2022-01-15;127734;145.161.41.202;145.160.0.0/11;True
4903605280426370;2022-01-23;480303;59.71.242.178;59.64.0.0/12;True
4903606086444660;2023-02-15;642116;172.213.45.107;172.208.0.0/13;True
4903619169527720;2023-02-18;59451;9.100.3.219;9.64.0.0/10;True
4903621800190010;2022-02-01;960099;180.232.77.159;180.232.0.0/16;True
4903630805259250;2022-11-23;91737;71.114.149.70;71.64.0.0/10;True
4903640341061010;2023-01-26;895314;184.80.59.126;184.80.0.0/15;True
4903648849029410;2022-12-12;247679;199.52.244.231;199.52.128.0/17;True
4903650764954660;2022-08-20;750716;147.198.191.18;147.198.0.0/15;True
4903723032014030;2022-11-18;850941;35.132.168.56;35.128.0.0/13;True
4903727786934030;2022-12-19;259101;148.219.137.246;148.216.0.0/14;True
4903731883171750;2023-02-22;756814;83.82.124.28;83.80.0.0/14;True
4903759230465490;2022-06-08;984014;142.98.172.113;142.96.0.0/13;True
4903764447335820;2022-09-14;303686;141.130.219.74;141.130.0.0/16;True
4903770550019030;2022-01-07;122734;162.252.130.175;162.252.128.0/22;True
4903771409577740;2022-05-08;552256;198.68.162.110;198.68.0.0/16;True
4903775589075700;2022-06-28;190078;191.5.89.51;191.5.64.0/18;True
4903782498502400;2022-11-07;691961;145.94.197.174;145.88.0.0/13;True
4903793414276730;2023-03-26;819667;140.68.24.250;140.64.0.0/13;True
4903802341309030;2022-12-01;676268;16.112.58.40;16.64.0.0/10;True
4903811782719550;2022-11-28;463878;172.68.166.109;172.68.166.0/23;True
4903816341986740;2022-01-01;467848;213.113.75.55;213.112.0.0/14;True
4903818594193710;2022-03-07;738684;168.222.161.144;168.222.0.0/15;True
4903826214930250;2022-08-29;854573;214.131.143.11;214.0.0.0/7;True
4903884830895190;2022-03-13;239602;59.96.126.54;59.96.0.0/14;True
4903899849189450;2022-02-02;686155;215.223.177.65;214.0.0.0/7;True
4903935525107280;2022-03-04;275142;93.147.45.77;93.144.0.0/13;True
4903964028829170;2022-04-17;664055;85.139.118.156;85.138.0.0/15;True
4903966505985640;2022-03-09;508325;44.51.135.72;44.32.0.0/11;True
4903995104551060;2022-05-02;35387;157.203.216.99;157.203.0.0/16;True
4906360509587780;2022-11-03;408459;166.102.20.204;166.102.0.0/16;False
4909223484630270;2022-06-25;31102;102.65.54.83;102.65.0.0/16;True
4910303365605570;2022-01-24;711855;192.145.3.31;192.145.0.0/22;True
4930877539917410;2023-03-08;186161;197.31.254.149;197.24.0.0/13;False
4966149656232400;2022-06-06;203761;168.250.189.116;168.250.0.0/15;True
4970042211336710;2022-01-12;745597;184.190.24.16;184.184.0.0/13;True
4971520749739600;2022-08-07;980588;114.133.54.98;114.133.0.0/16;True
4996804209317610;2022-01-15;427203;109.236.146.120;109.236.144.0/20;True
5018000369398650;2022-03-24;662645;33.245.195.83;33.0.0.0/8;False
5018031269004770;2022-01-09;780449;171.72.123.50;171.72.0.0/14;True
5018043128692350;2022-07-30;101509;46.195.7.101;46.194.0.0/15;True
5018049719934120;2022-08-20;887992;94.188.130.243;94.188.128.0/18;True
5018089675512130;2022-12-06;216722;37.69.63.224;37.64.0.0/13;True
5018116551765180;2022-07-14;19229;61.223.228.91;61.216.0.0/13;True
5018142912911560;2022-01-06;833224;19.135.134.56;19.128.0.0/9;True
5018143993903510;2022-05-26;469015;101.175.96.158;101.168.0.0/13;True
5018169455174780;2023-02-15;55913;99.229.179.185;99.224.0.0/11;True
5018219744767160;2022-11-17;545322;120.6.62.89;120.0.0.0/12;True
5018220290951200;2022-10-13;128493;12.214.84.159;12.208.0.0/12;True
5018256483935320;2022-12-18;170921;173.7.114.16;173.4.0.0/14;True
5018261328030010;2023-01-10;487194;25.24.226.200;25.24.128.0/17;True
5018271216636790;2023-01-09;235266;17.74.213.25;17.74.128.0/17;True
5018314265567290;2022-11-18;522399;50.133.251.89;50.128.0.0/10;True
5018340859282670;2022-08-12;922094;198.37.153.224;198.37.128.0/19;True
5018349028113350;2022-03-24;557995;171.38.255.163;171.36.0.0/14;True
5018370002413260;2022-10-09;183481;80.106.237.201;80.106.0.0/15;True
5018382275188090;2022-09-03;786494;204.251.180.93;204.251.0.0/16;True
5018387356216030;2023-01-19;72707;181.54.244.61;181.48.0.0/12;True
5018396024395030;2022-07-23;807584;46.14.11.71;46.14.0.0/16;True
5018396034073400;2022-03-25;459147;9.113.125.114;9.64.0.0/10;True
5018398858005800;2022-08-06;547243;218.152.10.111;218.152.0.0/13;True
5018417878634740;2023-03-12;846184;116.15.30.25;116.14.0.0/15;True
5018426534260700;2023-02-20;117205;1.250.177.129;1.224.0.0/11;True
5018438475162760;2023-01-21;668532;220.173.247.160;220.160.0.0/11;True
5018442070198260;2022-12-07;990223;151.231.78.139;151.228.0.0/14;True
5018466423129870;2022-08-06;210925;141.192.19.171;141.192.0.0/17;True
5018468556235400;2023-01-12;792282;183.153.91.117;183.128.0.0/11;True
5018495634513440;2022-02-18;391868;24.46.43.243;24.44.0.0/14;True
5018500772546830;2022-06-17;92967;73.240.14.130;73.240.0.0/14;True
5018516277042430;2022-07-08;361142;108.171.12.162;108.171.0.0/18;False
5018565598744040;2022-02-12;768645;133.250.223.199;133.192.0.0/10;True
5018599069785810;2022-11-21;480946;28.6.157.222;28.0.0.0/7;True
5018608078525100;2022-06-17;262305;192.124.80.61;192.124.64.0/19;True
5018632700872960;2022-12-29;733108;81.88.201.251;81.88.192.0/20;True
5018650239688840;2022-07-19;398658;6.179.195.194;6.0.0.0/8;False
5018729858729650;2022-03-19;7831;156.50.69.235;156.50.0.0/16;True
5018730192362130;2022-04-16;38108;76.180.15.2;76.176.0.0/12;True
5018749335652950;2022-10-25;992081;149.93.136.113;149.92.0.0/14;False
5018757180294810;2022-07-22;366311;15.231.35.42;15.231.0.0/16;True
5018776512315250;2023-02-06;5543;222.216.199.191;222.192.0.0/11;True
5018789065400080;2022-04-29;804717;129.223.183.46;129.223.0.0/16;True
5018793312457270;2022-01-21;197718;109.159.248.58;109.144.0.0/12;True
5018798226723050;2022-02-12;198917;198.50.19.16;198.50.16.0/21;False
5018845237254810;2022-05-14;341208;67.119.24.28;67.112.0.0/12;True
5018848000617010;2022-10-16;387287;42.229.135.201;42.224.0.0/12;True
5018860721328780;2022-09-21;222896;46.75.44.243;46.74.0.0/15;True
5018881022327060;2022-03-09;602691;175.192.159.250;175.192.0.0/10;True
5018925545964860;2022-11-13;158213;121.80.243.157;121.80.0.0/13;True
5018941721802320;2022-07-11;99282;22.83.14.196;22.64.0.0/10;True
5018967527865640;2022-03-06;978879;77.59.4.28;77.56.0.0/14;True
5018991897004640;2022-06-26;306545;6.210.55.191;6.0.0.0/8;True
5018997003687920;2022-09-16;700689;53.227.72.251;53.128.0.0/9;True
5100388640804980;2023-02-23;874887;190.187.125.83;190.187.0.0/16;True
5100397218151840;2022-10-23;376281;108.225.245.224;108.224.0.0/11;True
5100765479250130;2022-06-01;507611;165.103.97.29;165.103.0.0/16;True
5104925562697340;2022-08-20;459458;192.70.22.249;192.70.0.0/18;False
5106032627743700;2022-10-29;330277;123.3.3.12;123.2.0.0/15;True
5107480540109320;2022-03-28;789937;168.251.124.127;168.250.0.0/15;True
5108910644149190;2022-07-16;1143;75.26.51.36;75.26.0.0/15;True
5109349567273860;2022-10-02;365265;205.124.102.135;205.0.0.0/9;True
5109617044994700;2022-07-22;293497;16.59.236.245;16.56.0.0/14;True
5111223625549810;2022-11-15;637782;96.58.250.56;96.56.0.0/14;True
5116180943561650;2022-08-01;679492;19.143.51.140;19.128.0.0/9;True
5117402001882350;2022-11-09;76608;49.7.212.140;49.4.0.0/14;True
5121913430219570;2022-02-02;344486;203.97.69.161;203.97.0.0/16;True
5122369401830250;2022-04-02;758291;102.141.204.153;102.141.204.0/22;True
5124671329584610;2022-02-05;45746;184.254.117.32;184.224.0.0/11;True
5125972946227300;2022-04-08;269234;39.163.192.144;39.160.0.0/11;True
5128108507643840;2022-04-17;348156;180.18.121.206;180.0.0.0/11;True
5128223332426210;2022-10-18;470989;158.156.62.34;158.156.0.0/16;False
5132464653711640;2022-10-07;80707;41.70.73.4;41.70.0.0/17;True
5132978913841940;2022-01-14;67744;171.248.93.29;171.224.0.0/11;True
5136889356675750;2022-05-28;704688;222.15.6.99;222.0.0.0/12;False
5138915556925800;2022-05-12;870066;8.133.75.252;8.132.0.0/14;True
5141724293671310;2022-04-08;61741;142.63.237.115;142.60.0.0/14;True
5146591940177480;2023-03-01;888551;17.136.252.68;17.136.0.0/13;True
5147076045924500;2022-09-14;125133;133.241.4.7;133.192.0.0/10;True
5149307393710930;2022-01-05;189299;206.117.151.4;206.117.0.0/16;True
5150756495190630;2022-12-12;682187;51.150.35.164;51.150.0.0/15;True
5151811725080100;2023-02-01;157852;137.144.135.40;137.144.0.0/15;False
5155205998551800;2022-08-16;223055;96.132.83.180;96.128.0.0/9;True
5155913366548130;2023-01-23;447155;13.29.74.204;13.24.0.0/13;True
5155963435562540;2022-05-04;525212;122.119.3.31;122.119.0.0/16;True
5163957913773130;2023-01-02;372487;122.60.5.108;122.56.0.0/13;True
5164885316782960;2022-05-02;232988;70.138.91.221;70.136.0.0/13;True
5165415926354370;2023-02-03;59465;41.148.75.78;41.144.0.0/13;False
5170417273429680;2023-03-15;673267;1.237.100.39;1.224.0.0/11;False
5171212048990120;2022-09-07;342391;31.70.81.177;31.64.0.0/10;True
5171296980780350;2023-02-01;944194;26.163.31.198;26.0.0.0/8;True
5171613699193170;2023-01-31;471566;168.120.109.195;168.120.0.0/16;False
5179117090538930;2023-01-04;28256;126.239.100.2;126.224.0.0/11;True
5179519638526290;2023-02-12;674875;22.3.29.22;22.0.0.0/11;True
5188896341075860;2022-08-15;905849;171.215.199.77;171.208.0.0/12;True
5190584928402800;2023-02-24;500425;220.201.102.161;220.192.0.0/12;True
5192164315545390;2022-09-09;908111;29.6.67.156;28.0.0.0/7;True
5194644753741480;2023-03-21;347054;138.9.148.86;138.8.0.0/15;False
5195329837965310;2022-08-06;709385;168.190.120.93;168.190.0.0/15;True
5197720466753730;2022-08-04;970641;20.44.22.243;20.44.16.0/21;False
5402782693710930;2022-09-21;405285;194.168.226.173;194.168.0.0/16;True
5404396230774000;2022-10-25;159354;189.54.91.37;189.52.0.0/14;True
5405179392559140;2022-06-09;618616;37.149.167.185;37.149.0.0/16;True
5405535134674860;2022-08-13;35332;82.57.187.178;82.48.0.0/12;True
5405589034656840;2022-08-10;42933;69.26.33.212;69.26.32.0/22;True
5413257496144900;2022-01-04;858445;12.255.193.31;12.254.0.0/15;True
5416380859006270;2023-02-05;499169;146.204.141.187;146.204.0.0/14;True
5417003142792530;2022-07-29;863809;138.86.230.6;138.86.0.0/15;True
5420773834121580;2023-01-03;969758;198.64.101.31;198.64.0.0/15;True
5421628167486250;2022-06-17;625898;60.196.85.14;60.196.0.0/15;True
5422009174439450;2022-02-27;578998;33.207.254.181;33.0.0.0/8;True
5427511272582720;2023-02-13;858178;14.18.7.21;14.16.0.0/12;True
5427695872052580;2022-08-26;821116;22.127.124.74;22.64.0.0/10;True
5434020223368720;2022-01-02;388193;178.129.225.52;178.129.0.0/16;True
5437068790791580;2022-04-13;299092;72.156.164.117;72.144.0.0/12;True
5438395638038160;2022-12-10;13466;210.191.164.80;210.188.0.0/14;True
5443168318085390;2022-05-06;37267;104.215.185.173;104.215.128.0/17;True
5443938043437310;2022-12-13;449178;122.81.115.192;122.64.0.0/11;True
5448115806252110;2022-04-27;797235;12.91.120.117;12.64.0.0/11;True
5448653601627150;2022-08-02;164651;201.66.69.43;201.64.0.0/14;True
5449622369284240;2022-01-10;23957;179.192.198.51;179.192.0.0/11;True
5457196335718410;2022-03-22;703253;218.12.89.218;218.0.0.0/12;False
5458760686881280;2022-04-06;540002;51.191.127.206;51.190.0.0/15;True
5466075481726720;2022-10-06;132517;141.107.75.215;141.106.0.0/15;True
5467852191432560;2022-08-14;15783;22.64.79.22;22.64.0.0/10;True
5468474647141900;2022-02-01;503;214.234.172.103;214.0.0.0/7;True
5471004330230200;2022-12-09;47052;62.165.176.21;62.165.128.0/18;True
5473643224483700;2022-05-04;163797;91.82.249.6;91.82.0.0/15;True
5473820981875340;2022-09-05;403723;95.79.81.81;95.78.0.0/15;True
5475348076783310;2022-08-17;6941;117.225.72.216;117.224.0.0/11;True
5478170093857710;2023-01-28;50092;77.47.71.215;77.47.0.0/17;True
5480369587790240;2022-09-28;517848;168.114.120.249;168.114.120.0/21;True
5482949028474220;2022-12-04;162349;37.213.180.37;37.212.0.0/14;True
5484077963846140;2022-10-31;218045;194.195.131.203;194.195.128.0/21;False
5485388208691630;2023-02-07;954886;29.199.30.241;28.0.0.0/7;True
5485704779361930;2022-09-21;44903;84.123.185.171;84.122.0.0/15;True
5486486750317150;2022-11-07;99673;155.232.210.68;155.232.0.0/15;True
5487346439622840;2022-08-08;812547;115.35.166.65;115.32.0.0/14;True
5494052166416830;2022-02-02;411847;130.5.155.92;130.4.0.0/14;True
5495013563322430;2022-02-24;221542;114.21.124.172;114.20.0.0/15;True
5495302868707510;2022-11-03;917554;130.60.84.121;130.60.0.0/16;True
5610027619727400;2022-02-08;383981;217.77.234.135;217.77.224.0/20;True
5610029188780260;2022-07-12;742705;218.25.68.189;218.24.0.0/14;False
5610077766194010;2022-05-06;506988;80.57.223.153;80.56.0.0/15;True
5610079157421810;2022-04-13;331602;140.205.150.142;140.205.0.0/16;True
5610083998108770;2022-08-03;255298;70.187.43.250;70.176.0.0/12;True
5610169818773590;2022-06-30;927354;109.82.89.22;109.82.0.0/15;True
5610171588109450;2022-03-20;69916;202.255.164.151;202.224.0.0/11;True
5610180689578910;2023-01-09;641731;121.110.67.249;121.104.0.0/13;True
5610232332164800;2022-04-01;559061;119.23.238.93;119.20.0.0/14;True
5610243031657840;2022-09-11;74626;70.193.39.16;70.192.0.0/11;True
5610243191122800;2022-04-16;917397;209.255.12.81;209.252.0.0/14;True
5610259664180560;2022-03-08;673079;168.10.2.62;168.8.0.0/13;True
5610288394881120;2023-03-20;792353;3.37.230.149;3.36.0.0/14;True
5610289860900070;2023-03-09;720389;85.64.82.169;85.64.0.0/15;True
5610294737005010;2023-01-03;144368;159.126.93.74;159.126.64.0/18;True
5610307057584970;2022-02-28;350597;220.147.214.81;220.144.0.0/14;True
5610324455185900;2022-06-04;125798;117.160.15.37;117.128.0.0/10;True
5610325545553520;2022-06-01;23088;15.144.90.37;15.144.0.0/16;True
5610369971999860;2022-04-04;6762;187.156.104.217;187.128.0.0/11;True
5610374060287710;2023-02-11;62902;109.207.1.252;109.207.0.0/20;True
5610407100064710;2022-03-07;528626;208.103.119.65;208.103.0.0/17;True
5610420103992490;2022-03-16;363855;222.177.215.90;222.176.0.0/12;True
5610427416017060;2022-09-10;287223;84.210.165.177;84.208.0.0/13;True
5610430950410400;2022-11-07;341317;71.11.142.170;71.8.0.0/13;True
5610510872226530;2023-02-15;752041;147.57.244.222;147.56.0.0/14;True
5610517716761520;2022-07-20;309278;134.87.204.95;134.87.0.0/16;True
5610525416220690;2023-03-07;627515;148.20.157.52;148.16.0.0/12;True
5610560040486730;2022-01-29;7737;31.68.112.173;31.64.0.0/10;True
5610637642258250;2022-06-16;912984;176.195.160.238;176.192.0.0/14;True
5610650224227580;2022-07-22;359647;210.24.133.162;210.24.133.0/24;True
5610674272824030;2022-07-14;96915;43.102.17.148;43.96.0.0/12;True
5610680893126570;2023-01-12;391776;187.15.18.172;187.8.0.0/13;True
5610696902981020;2022-06-07;419279;210.112.155.107;210.112.0.0/13;True
5610705208022930;2022-06-17;391679;49.218.247.108;49.216.0.0/14;True
5610724130039640;2023-02-25;157271;199.73.224.26;199.73.128.0/17;True
5610753516119030;2022-08-20;6709;50.241.6.90;50.240.0.0/12;True
5610754150893550;2022-07-06;481725;138.120.213.14;138.120.0.0/16;True
5610758326152310;2022-11-08;58146;5.21.213.34;5.21.0.0/16;True
5610784472150280;2022-08-01;239478;19.239.6.64;19.128.0.0/9;True
5610784583484980;2022-02-14;118733;13.131.113.44;13.128.0.0/11;True
5610818838302240;2022-09-21;90188;132.65.14.248;132.65.0.0/17;True
5610821951262850;2023-03-26;763565;81.26.116.216;81.26.96.0/19;True
5610822858982230;2022-03-16;451181;124.89.105.47;124.88.0.0/13;True
5610825423925300;2022-10-25;91458;157.218.188.37;157.216.0.0/13;True
5610832785726870;2022-07-13;750427;210.51.234.185;210.51.0.0/16;False
5610840962097560;2023-02-24;488577;118.195.221.54;118.195.0.0/16;True
5610874421599610;2022-09-10;694754;29.208.225.86;28.0.0.0/7;True
5610875633598320;2022-04-11;926509;36.239.89.61;36.232.0.0/13;True
5610882158528180;2022-08-31;390171;24.134.228.156;24.134.0.0/16;True
5610921552500400;2022-12-08;903126;139.240.152.151;139.240.0.0/13;True
5610971667665430;2022-09-27;77521;152.122.105.238;152.120.0.0/13;True
5610988404245160;2022-03-14;316258;63.197.186.236;63.192.0.0/12;True
6011001427982090;2022-05-31;41548;149.195.87.27;149.192.0.0/14;True
6011024312799560;2023-02-25;176671;221.32.112.70;221.32.0.0/11;True
6011060370167920;2022-06-14;300943;198.221.226.54;198.220.0.0/14;True
6011106701698820;2022-06-07;23591;96.2.113.248;96.2.0.0/15;True
6011123180139080;2022-09-19;390814;50.122.2.198;50.120.0.0/14;True
6011132400047220;2022-06-08;451284;67.90.133.41;67.80.0.0/12;True
6011140522665340;2022-07-02;63806;56.185.2.249;56.128.0.0/9;False
6011167204535310;2022-07-24;505725;71.234.196.108;71.232.0.0/14;True
6011169051627480;2022-02-07;900091;87.93.8.201;87.92.0.0/14;True
6011169546754400;2022-10-31;91728;143.231.255.101;143.228.0.0/14;True
6011203364865040;2022-11-20;808111;144.198.255.163;144.198.0.0/16;False
6011220650603320;2022-09-07;462255;20.18.232.189;20.18.192.0/18;True
6011242814503180;2022-06-14;891584;3.147.58.184;3.128.0.0/10;True
6011250508920210;2022-01-25;815371;88.205.91.83;88.205.0.0/17;True
6011316115634720;2023-03-18;796859;179.79.205.127;179.64.0.0/11;True
6011337477287060;2023-02-23;8400;168.176.51.87;168.176.0.0/16;True
6011344629086780;2022-03-10;7847;80.251.121.96;80.251.112.0/20;False
6011345345307110;2022-11-01;37886;88.187.71.215;88.160.0.0/11;True
6011349007691210;2022-10-11;372581;99.147.166.54;99.146.0.0/15;True
6011359218037660;2023-03-30;310269;100.240.152.234;100.128.0.0/9;True
6011400335354180;2022-05-29;546511;11.51.113.123;11.0.0.0/10;True
6011439016563230;2022-05-27;278242;64.246.190.245;64.246.128.0/17;True
6011439408302700;2022-05-15;886365;15.155.72.195;15.154.0.0/15;True
6011439428837940;2022-03-15;259694;104.208.235.95;104.208.128.0/17;True
6011449405336650;2022-11-11;616878;135.213.4.39;135.208.0.0/12;True
6011507774371700;2022-01-17;708451;134.117.153.218;134.117.0.0/16;True
6011522172032430;2022-09-15;621035;135.117.151.42;135.117.0.0/16;False
6011528422344100;2022-06-13;797426;105.194.98.135;105.192.0.0/12;True
6011528567720990;2022-03-18;514436;1.13.46.253;1.12.0.0/14;True
6011560004408750;2022-09-19;441384;25.37.95.187;25.32.0.0/12;True
6011567688767970;2022-04-27;153604;82.207.233.138;82.207.128.0/17;True
6011579212171760;2022-03-07;871992;81.23.5.105;81.23.0.0/20;True
6011580479489240;2022-05-12;436678;114.60.152.160;114.60.0.0/14;True
6011592338607730;2022-04-20;983411;53.91.30.33;53.64.0.0/11;True
6011615986072690;2022-08-21;720434;7.190.178.152;7.128.0.0/9;True
6011636165535360;2022-05-13;872701;85.89.166.240;85.89.160.0/19;True
6011647417506780;2022-01-15;886443;186.184.50.2;186.184.0.0/14;True
6011664078473180;2022-06-05;934478;77.192.157.197;77.192.0.0/16;False
6011696956313800;2022-07-27;92607;178.96.76.232;178.96.0.0/12;True
6011734119179360;2022-05-17;420248;158.212.70.161;158.208.0.0/13;True
6011739602085690;2022-11-13;152693;184.206.128.199;184.192.0.0/12;False
6011745494806050;2022-03-30;722435;210.192.82.231;210.192.64.0/19;True
6011755406764890;2023-01-12;881872;45.108.39.129;45.96.0.0/12;True
6011757959083860;2022-01-29;822246;59.90.227.134;59.88.0.0/13;True
6011762788078910;2022-11-25;508531;5.68.102.161;5.64.0.0/13;True
6011784406576310;2022-04-07;454121;205.159.110.146;205.159.96.0/19;True
6011802788146310;2022-10-19;765894;156.100.215.225;156.100.0.0/14;False
6011841920971500;2022-03-24;712325;120.131.192.195;120.128.0.0/13;True
6011857970272790;2022-10-23;536977;191.43.212.205;191.40.0.0/13;True
6011884393749390;2022-12-22;453996;75.118.161.109;75.118.0.0/16;True
6011917785281480;2022-05-31;387801;98.114.77.110;98.112.0.0/13;True
6011931180447910;2022-07-22;897553;108.224.74.29;108.224.0.0/11;True
6011958639888350;2022-01-31;528732;69.147.9.5;69.144.0.0/13;True
6011965705280040;2022-07-22;900431;73.33.247.166;73.32.0.0/11;True
6202025708879270;2022-06-13;520189;113.161.219.218;113.160.0.0/11;True
6203636352685810;2023-01-10;584483;27.236.238.41;27.232.0.0/13;True
6207265962444090;2022-10-27;916197;32.65.181.35;32.64.0.0/11;True
6210628674520150;2022-04-24;387573;212.131.100.195;212.131.0.0/17;True
6212111499600400;2022-06-30;493577;94.6.65.45;94.0.0.0/12;True
6213221126218080;2022-09-01;83342;200.213.179.168;200.212.0.0/15;True
6213284803108650;2022-03-01;550083;121.228.141.21;121.224.0.0/12;True
6213935495344360;2022-01-12;620983;47.112.197.145;47.96.0.0/11;True
6214346159822190;2022-10-15;498284;101.151.215.26;101.144.0.0/12;True
6216062810569600;2023-01-01;34929;49.199.152.15;49.192.0.0/13;True
6216165744344400;2022-02-21;636367;35.254.71.96;35.248.0.0/13;True
6217275184908380;2022-12-19;87009;152.66.253.116;152.66.0.0/16;True
6218774242680050;2022-11-04;261398;56.8.160.187;56.0.0.0/11;True
6219304115368180;2022-04-13;352287;188.167.184.136;188.167.0.0/16;True
6220358554398500;2022-08-30;964987;178.200.107.36;178.200.0.0/14;False
6220566560926220;2023-02-25;969486;92.195.216.27;92.192.0.0/13;True
6227307039009360;2022-05-03;777444;42.223.226.183;42.208.0.0/12;True
6228539468189790;2023-01-21;40781;145.77.240.127;145.72.0.0/13;True
6229003933114310;2023-02-26;408785;59.41.223.120;59.32.0.0/11;True
6239038225305080;2023-02-07;711418;123.141.226.193;123.140.0.0/14;True
6240886303083840;2022-05-30;409006;154.133.240.133;154.128.0.0/12;True
6241007365276440;2022-02-11;9599;7.249.137.131;7.128.0.0/9;True
6242193526492710;2023-01-07;646293;182.185.68.15;182.176.0.0/12;True
6242610117454240;2022-11-19;308377;168.8.87.245;168.8.0.0/13;True
6246210090406730;2022-12-05;18977;175.205.62.124;175.192.0.0/10;True
6247410814608440;2022-07-26;522158;53.97.116.151;53.96.0.0/12;True
6247955761479840;2022-06-21;192313;68.223.2.111;68.222.0.0/15;False
6248206507313060;2022-02-13;154125;123.240.0.109;123.240.0.0/15;False
6256475746975420;2023-01-06;881261;166.140.51.56;166.128.0.0/11;True
6261973358955550;2023-02-03;722199;59.184.199.95;59.184.0.0/15;True
6263555245208520;2022-05-06;984907;125.42.76.232;125.40.0.0/13;False
6264843482100950;2022-02-22;660417;111.251.177.47;111.240.0.0/12;True
6266845361456600;2022-04-28;296199;213.90.115.154;213.90.0.0/17;True
6267454361921910;2022-08-20;8561;204.157.145.108;204.157.128.0/19;True
6267620895536510;2022-06-28;235417;82.52.184.60;82.48.0.0/12;False
6270697030928550;2022-08-07;968711;31.106.31.16;31.64.0.0/10;False
6279647969961320;2022-01-26;345849;75.63.175.104;75.63.128.0/17;True
6282437828580050;2022-12-28;320201;144.1.152.143;144.1.0.0/16;True
6284643481658850;2022-11-24;181896;23.13.96.154;23.13.96.0/20;True
6285568462964480;2023-03-09;993719;204.59.83.46;204.59.80.0/21;True
6285733343270470;2022-11-15;374296;152.37.217.91;152.37.128.0/17;True
6287187873114560;2022-09-30;502828;131.211.149.172;131.211.0.0/16;True
6287885035063320;2023-01-10;813859;136.108.151.244;136.64.0.0/10;True
6291375146181250;2022-04-28;531677;213.90.245.242;213.90.128.0/17;True
6295737732540780;2023-01-25;200679;15.246.55.145;15.240.0.0/13;False
6296001819437190;2022-08-20;275283;36.10.26.88;36.8.0.0/13;True
6298462476935560;2022-06-14;575541;67.229.13.192;67.228.0.0/15;False
6299656466814130;2022-10-06;438616;159.146.131.130;159.146.128.0/17;False
6304028491766150;2022-11-08;539288;122.148.15.121;122.148.0.0/14;True
6304099047916760;2023-03-19;693478;104.135.149.104;104.135.128.0/19;True
6304108034369930;2023-03-07;460145;201.47.214.20;201.47.0.0/16;True
6304109759995580;2022-06-30;750527;210.18.157.162;210.18.128.0/18;True
6304145630664050;2022-08-26;886558;45.32.12.36;45.32.8.0/21;True
6304145767109190;2022-08-04;813108;144.210.74.206;144.210.0.0/16;True
6304159481941690;2022-12-16;230322;99.242.176.99;99.224.0.0/11;False
6304190719908310;2022-07-08;34284;208.222.180.113;208.192.0.0/11;True
6304194562479150;2023-01-03;553642;173.161.20.201;173.160.0.0/15;True
6304223362540060;2022-09-21;470219;124.29.160.133;124.29.128.0/18;True
6304253581183960;2022-01-27;454939;50.196.2.121;50.196.0.0/15;True
6304287661304460;2022-04-03;389869;184.249.194.63;184.224.0.0/11;True
6304325388617810;2022-11-02;558654;175.160.125.200;175.160.0.0/12;True
6304363339075260;2022-06-05;504921;169.188.156.206;169.160.0.0/11;True
6304386281496170;2022-08-09;83062;110.128.180.122;110.128.0.0/13;True
6304391502704040;2023-03-08;315764;218.123.100.110;218.112.0.0/12;True
6304399708596540;2022-11-03;444272;154.102.130.110;154.96.0.0/13;True
6304409357729830;2023-02-21;540067;82.236.20.64;82.224.0.0/11;True
6304451087158150;2022-05-12;522017;186.71.62.92;186.68.0.0/14;True
6304457223162700;2022-02-07;88182;215.23.127.42;214.0.0.0/7;True
6304467576687350;2023-03-12;84991;61.193.102.77;61.192.0.0/12;True
6304473708885220;2022-06-29;167093;154.217.14.241;154.217.0.0/16;True
6304477468715260;2022-06-02;431006;99.246.178.232;99.224.0.0/11;True
6304499673885660;2022-07-24;21057;214.34.216.240;214.0.0.0/7;True
6304500750789920;2023-02-10;151335;23.9.51.40;23.9.48.0/20;False
6304548182525520;2022-08-11;812533;139.25.146.1;139.24.0.0/15;True
6304634581961030;2022-10-30;932968;39.215.65.16;39.192.0.0/10;False
6304644463876480;2022-05-01;896099;19.76.16.9;19.64.0.0/10;True
6304658225877640;2022-02-06;107835;135.145.227.235;135.144.0.0/14;True
6304660102927230;2022-12-01;446831;130.83.77.172;130.83.0.0/16;True
6304660258505300;2022-07-21;123512;221.188.151.199;221.184.0.0/13;False
6304682847824570;2022-06-03;471204;190.52.8.183;190.52.0.0/19;True
6304688315853580;2023-02-13;486091;107.51.136.215;107.32.0.0/11;False
6304695515878270;2022-08-10;636339;208.35.51.208;208.35.48.0/21;True
6304730356816720;2022-10-18;691536;196.119.13.215;196.112.0.0/12;True
6304731192936140;2022-11-21;619717;214.149.215.168;214.0.0.0/7;True
6304762601364750;2022-06-02;84411;86.135.0.139;86.134.0.0/15;True
6304770639968520;2022-07-02;113392;33.243.85.80;33.0.0.0/8;True
6304783156509100;2022-09-16;505159;132.161.118.18;132.160.0.0/14;True
6304832919576730;2022-02-11;650651;208.89.242.112;208.89.240.0/20;True
6304848770508190;2022-08-09;253582;45.135.219.134;45.135.216.0/22;True
6304873166669550;2022-08-05;129708;104.47.60.62;104.47.60.0/24;True
6304885838958360;2022-06-23;754128;124.49.66.239;124.48.0.0/12;True
6304906585911590;2023-01-08;677516;76.203.238.186;76.192.0.0/12;True
6304925205837390;2022-04-11;932505;53.23.26.18;53.0.0.0/10;True
6304930012358770;2022-09-14;131207;23.19.6.252;23.19.0.0/19;True
6304962150416540;2022-10-19;741498;60.184.2.199;60.160.0.0/11;True
6304995484677600;2022-07-02;643896;176.148.136.141;176.128.0.0/11;True
6334011894766790;2022-04-19;536898;28.148.5.140;28.0.0.0/7;True
6334036030716790;2022-02-01;340274;21.132.12.234;21.128.0.0/9;True
6334045798577220;2023-02-04;875309;9.3.151.96;9.0.0.0/13;True
6334050119501440;2022-02-26;53807;182.54.44.4;182.54.0.0/17;True
6334063570530410;2023-02-03;793074;160.145.112.102;160.144.0.0/13;True
6334081309042860;2022-06-06;88717;100.167.215.47;100.128.0.0/9;True
6334084297260430;2022-07-19;955814;89.96.154.139;89.96.0.0/15;False
6334101813513450;2022-05-24;78534;14.21.25.155;14.16.0.0/12;True
6334121996551680;2022-08-17;305644;53.177.102.64;53.128.0.0/9;True
6334146913957270;2022-11-01;820716;31.147.8.208;31.147.0.0/16;True
6334155167527460;2022-10-31;97788;135.121.200.23;135.120.0.0/14;True
6334163862837620;2022-10-07;902876;60.221.168.122;60.208.0.0/12;True
6334167245227380;2023-03-06;892176;33.228.165.7;33.0.0.0/8;True
6334181561937520;2022-09-12;768274;134.77.143.208;134.77.0.0/16;True
6334206835895040;2023-02-07;945663;4.141.120.61;4.128.0.0/12;True
6334220619488350;2023-02-23;876863;221.102.244.106;221.96.0.0/12;True
6334236157274250;2023-02-18;585121;217.122.220.217;217.122.0.0/16;True
6334253715367350;2022-02-15;889357;57.247.7.135;57.244.0.0/14;True
6334265282160290;2022-12-24;56718;73.5.81.242;73.0.0.0/13;True
6334288481881340;2023-03-14;19903;99.80.225.241;99.80.0.0/15;False
6334293263700420;2023-01-02;947121;110.172.218.220;110.172.192.0/18;True
6334297908933620;2023-01-25;704754;17.126.234.78;17.126.224.0/19;True
6334317619738490;2023-01-18;396226;170.20.231.227;170.20.0.0/14;False
6334333616636400;2022-10-05;956413;176.38.224.11;176.36.0.0/14;True
6334363692678320;2022-08-19;935936;218.82.114.105;218.64.0.0/11;True
6334385296008340;2022-03-19;173925;199.39.60.200;199.39.0.0/16;True
6334411429446330;2023-02-13;825005;67.142.53.211;67.142.0.0/17;True
6334413724930800;2022-05-21;670667;160.194.176.42;160.192.0.0/13;True
6334437309186520;2022-09-05;8053;164.22.130.116;164.20.0.0/14;True
6334447561170850;2022-02-17;217252;91.88.197.216;91.88.0.0/16;True
6334450830602120;2023-02-24;51165;9.72.30.131;9.64.0.0/10;True
6334472206682150;2022-12-10;661475;145.57.3.31;145.56.0.0/14;True
6334484134837300;2022-03-19;261621;195.215.220.85;195.215.128.0/17;True
6334495848720330;2022-02-04;389999;15.102.101.32;15.96.0.0/12;True
6334541356757200;2023-03-21;742956;89.93.97.236;89.80.0.0/12;True
6334577944928890;2022-06-21;216214;160.155.226.168;160.154.0.0/15;True
6334579505439450;2022-04-24;699108;156.229.67.208;156.229.64.0/18;True
6334609258149530;2022-08-03;541637;193.243.84.50;193.243.0.0/17;True
6334632347532010;2023-01-28;721609;91.1.106.12;91.0.0.0/11;True
6334662220990360;2022-04-26;219294;159.63.22.111;159.63.22.0/24;True
6334679692800460;2023-02-05;26077;38.169.102.242;38.168.0.0/15;True
6334680190727420;2023-03-25;210173;35.136.26.158;35.136.0.0/14;True
6334700469090230;2022-07-07;569834;69.197.122.35;69.197.64.0/18;True
6334712453747230;2023-01-17;991216;162.65.42.207;162.64.0.0/14;False
6334752763298110;2022-08-14;949892;202.114.218.31;202.112.0.0/13;True
6334758924973320;2022-09-16;668142;74.147.143.179;74.147.128.0/17;True
6334773669396120;2023-03-14;374167;77.76.42.151;77.76.0.0/18;True
6334791453742460;2022-01-22;404087;129.231.72.119;129.231.0.0/16;False
6334841887640140;2022-09-24;46187;203.156.79.208;203.156.0.0/17;True
6334856536847820;2022-12-07;272497;93.71.218.130;93.64.0.0/13;True
6334865436606930;2022-04-16;81455;119.222.44.147;119.192.0.0/11;True
6334877521581530;2022-04-06;467781;190.90.38.87;190.90.32.0/19;True
6334915004369170;2023-02-25;424917;58.24.232.232;58.24.0.0/15;True
6334915943726560;2023-02-19;357195;15.27.106.161;15.0.0.0/10;True
6334918090618450;2022-07-01;660828;158.218.60.23;158.218.0.0/16;False
6334940891636990;2023-03-19;264203;1.156.6.50;1.128.0.0/11;True
6334944307726320;2022-08-30;604104;106.157.198.56;106.128.0.0/10;True
6334946238688010;2023-02-26;629934;186.28.30.192;186.28.0.0/14;True
6334955603795260;2022-01-06;476419;150.216.143.58;150.216.0.0/16;True
6334958054846320;2022-06-22;508341;60.76.97.210;60.64.0.0/10;True
6334977143387440;2022-09-13;96078;125.245.24.86;125.240.0.0/13;True
6334991574378120;2023-03-16;60685;40.203.254.200;40.203.128.0/17;True
6334995847092660;2023-01-23;94145;43.224.99.123;43.224.96.0/22;True
6370006462826620;2022-03-03;617382;13.217.213.247;13.216.0.0/13;True
6370044151484060;2022-03-04;280876;223.4.59.54;223.0.0.0/12;True
6370085774443200;2022-09-09;5849;209.252.239.153;209.252.0.0/14;True
6370144943731200;2023-01-09;817483;143.200.38.57;143.200.0.0/16;True
6370515894134380;2022-08-31;636344;164.46.145.136;164.46.0.0/16;True
6370695185292720;2022-08-27;260662;149.0.167.182;149.0.0.0/16;False
6370769805532210;2022-10-04;30336;111.109.78.248;111.96.0.0/12;True
6370990909498650;2022-11-08;3184;22.73.237.218;22.64.0.0/10;False
6371323423081190;2023-03-19;91464;123.177.255.9;123.177.0.0/16;True
6371474725268990;2022-08-11;919947;37.30.51.173;37.30.0.0/15;True
6371537135106740;2023-01-16;7684;142.37.68.44;142.32.0.0/13;True
6371864554840480;2022-05-26;817243;165.4.45.45;165.4.0.0/15;True
6372134404989300;2023-02-27;278757;115.202.41.157;115.192.0.0/11;True
6372342326512560;2022-03-07;768435;39.90.61.17;39.64.0.0/11;True
6372569848701030;2022-03-23;169054;194.33.138.118;194.33.128.0/20;True
6372665893184120;2022-12-24;571391;101.149.246.118;101.144.0.0/12;True
6372676932275190;2022-02-11;709078;178.3.85.139;178.3.80.0/21;True
6372800521815170;2022-07-02;625374;176.51.93.110;176.48.0.0/14;True
6373031029423850;2022-03-12;429303;175.11.153.187;175.0.0.0/12;True
6373047356622650;2023-02-17;2574;195.188.212.22;195.188.0.0/16;True
6373360342918190;2022-04-20;973307;82.156.81.73;82.156.0.0/15;False
6374269386533070;2023-03-19;16358;33.149.110.175;33.0.0.0/8;True
6374440726383380;2022-10-04;198036;128.49.28.70;128.48.0.0/14;True
6374485830214660;2023-03-25;622402;194.97.134.46;194.97.0.0/16;True
6374727134069490;2022-01-04;335662;90.83.111.101;90.83.0.0/16;True
6375197065120550;2023-02-15;561865;175.247.39.143;175.192.0.0/10;True
6375351752049540;2023-01-24;44808;109.72.18.62;109.72.16.0/20;True
6375525424645540;2022-02-10;641288;208.75.250.140;208.75.224.0/19;True
6375693054198840;2022-05-15;427069;107.16.158.191;107.16.0.0/12;True
6376937038286020;2023-02-15;667853;147.235.150.124;147.235.0.0/16;True
6377585759851700;2022-04-23;191783;198.94.181.45;198.92.0.0/14;True
6377641470181480;2023-03-10;88457;200.10.245.190;200.10.245.0/24;True
6377911114249950;2022-03-18;916003;8.29.124.153;8.29.112.0/20;True
6378287556464840;2023-01-28;267847;89.90.243.29;89.80.0.0/12;True
6378349626052150;2022-01-18;58507;31.81.111.51;31.64.0.0/10;True
6378362714283970;2023-03-14;43189;4.57.226.126;4.56.0.0/15;True
6378503142156730;2023-02-24;605097;209.79.89.17;209.76.0.0/14;True
6378528859329200;2022-09-21;243172;12.69.152.70;12.64.0.0/11;False
6378547127327430;2022-11-25;638352;181.99.210.91;181.96.0.0/12;True
6378622885655910;2022-03-02;80676;156.211.188.93;156.192.0.0/11;True
6378647608281840;2023-03-10;437881;94.125.35.114;94.125.32.0/21;True
6379313995192580;2022-07-12;472655;173.255.245.250;173.255.192.0/18;True
6379541044535550;2022-03-17;680171;98.192.49.154;98.192.0.0/13;True
6379659575799430;2022-04-18;132909;40.57.86.4;40.32.0.0/11;True
6379680051682750;2022-03-02;909513;206.175.128.246;206.175.0.0/16;True
6379817722178550;2022-08-20;836639;140.201.217.207;140.201.0.0/16;True